{"cameraMode":{"drawMode":0,"name":"Shaded","section":"Shading Mode"},"sceneLighting":true,"audioPlay":false,"sceneViewState":{"showFog":true,"showMaterialUpdate":false,"showSkybox":true,"showFlares":true,"showImageEffects":true,"showParticleSystems":true},"in2DMode":false,"pivot":{"x":-2.738330841064453,"y":-19.6420841217041,"z":19.939037322998048},"rotation":{"x":-0.2478731870651245,"y":0.11505463719367981,"z":-0.029661420732736589,"w":-0.9614788293838501},"size":1507.81640625,"orthographic":false}