{"cameraMode":{"drawMode":0,"name":"Shaded","section":"Shading Mode"},"sceneLighting":false,"audioPlay":false,"sceneViewState":{"showFog":true,"showMaterialUpdate":false,"showSkybox":false,"showFlares":true,"showImageEffects":true,"showParticleSystems":true},"in2DMode":false,"pivot":{"x":1.4777908325195313,"y":6.473372936248779,"z":0.4062190055847168},"rotation":{"x":-0.0897662565112114,"y":0.6484418511390686,"z":-0.07740625739097595,"w":-0.7519797086715698},"size":21.499069213867189,"orthographic":false}