{"cameraMode":{"drawMode":0,"name":"Shaded","section":"Shading Mode"},"sceneLighting":true,"audioPlay":false,"sceneViewState":{"showFog":true,"showMaterialUpdate":false,"showSkybox":true,"showFlares":true,"showImageEffects":true,"showParticleSystems":true},"in2DMode":false,"pivot":{"x":10.703850746154786,"y":2.1263821125030519,"z":1.8384809494018555},"rotation":{"x":-0.0577935166656971,"y":-0.6866577863693237,"z":0.05491946265101433,"w":-0.7225959897041321},"size":23.98014259338379,"orthographic":false}