{"cameraMode":{"drawMode":0,"name":"Shaded","section":"Shading Mode"},"sceneLighting":true,"audioPlay":false,"sceneViewState":{"showFog":true,"showMaterialUpdate":false,"showSkybox":true,"showFlares":true,"showImageEffects":true,"showParticleSystems":true},"in2DMode":false,"pivot":{"x":159.24024963378907,"y":178.052490234375,"z":-12.28363037109375},"rotation":{"x":0.08806029707193375,"y":-0.018828364089131357,"z":-0.0016648181481286884,"w":-0.99593585729599},"size":881.5496215820313,"orthographic":false}