{"cameraMode":{"drawMode":0,"name":"Shaded","section":"Shading Mode"},"sceneLighting":true,"audioPlay":false,"sceneViewState":{"showFog":true,"showMaterialUpdate":false,"showSkybox":true,"showFlares":true,"showImageEffects":true,"showParticleSystems":true},"in2DMode":false,"pivot":{"x":0.0000035762786865234377,"y":3.006361961364746,"z":0.032685160636901858},"rotation":{"x":-0.5537641048431397,"y":0.1697009801864624,"z":-0.11647073179483414,"w":-0.8068342208862305},"size":27.184558868408204,"orthographic":true}